event_id,model,true_label,pred_label,pred_conf_temp,notes,actor_norm,annotation_provenance,annotation_ambiguous_actor,annotation_verb_intensity,annotation_casualty_counts,annotation_passive_voice,annotation_notes
CAO12441,llama3.2:3b,V,B,0.92,"Around 28 July 2023 (as reported), state security forces shot and killed two Ambazonian Separatists in Kumbo commune, coded to Kumbo (Bui, Nord-Ouest) whom they had captured on 28 July (coded separately).",Military Forces of Cameroon (1982-),Local/Community,No,High,Yes (2),No,[auto-generated]
CAO7298,llama3.2:3b,V,S,0.85,"On 15 May 2023, ISWAP or Boko Haram militants abducted 2 herders in Zigague (Waza, Logone-et-Chari, Extreme-Nord) and stole a head of oxen. The herders and the oxen were freed when the militants spotted the security forces who had been following them.",Islamic State West Africa Province (ISWAP) and/or Boko Haram - Jamaatu Ahli is-Sunnah lid-Dawati wal-Jihad,Local/Community,No,Medium,No,Yes,[auto-generated]
CAO3758,llama3.2:3b,V,B,0.92,"Around 11 October 2020 (as reported), Ambazonian separatists kidnapped 3 Mbororo ethnic men in Ngarbuh village, near Nkambe (Donga-Mantung, Nord-Ouest). They are suspected to be involved in the killing of a separatist fighter on October 10.",Ambazonian Separatists (Cameroon),State-affiliated,No,High,No,Yes,[auto-generated]
CAO4585,llama3.2:3b,V,B,0.92,"On 26 April 2021, suspected Boko Haram fighters attacked Takoudele village, Kourgui town, Mora subdivision (Mayo-Sava, Extreme-Nord). They kidnapped a young girl, and took away goods. No fatality and/or casualty reported.",Islamic State West Africa Province (ISWAP) - Lake Chad Faction and/or Boko Haram - Jamaatu Ahli is-Sunnah lid-Dawati wal-Jihad,Local/Community,No,Medium,Yes (unspecified),Mixed,[auto-generated]
CAO4023,llama3.2:3b,V,B,0.92,"On 18 November 2020, Boko Haram shot and killed a traditional chief and 3 of his children (total of 4 fatalities) in Satomi village, around Mora (Mayo-Sava, Extreme-Nord).",Islamic State West Africa Province (ISWAP) - Lake Chad Faction and/or Boko Haram - Jamaatu Ahli is-Sunnah lid-Dawati wal-Jihad,Independent-National,No,High,Yes (4),Unknown,[auto-generated]
CAO4521,llama3.2:3b,V,B,0.93,"On 3 April 2021, Boko Haram fighters nightly attacked Goudjimdele village, Mora subdivision (Mayo-Sava, Extreme-Nord), killing 2 people.",Islamic State West Africa Province (ISWAP) - Lake Chad Faction and/or Boko Haram - Jamaatu Ahli is-Sunnah lid-Dawati wal-Jihad,Independent-National,No,High,Yes (2),Unknown,[auto-generated]
CAO8337,llama3.2:3b,V,B,0.93,"Around 30 December 2023 (as reported), Boko Haram (JAS) (likely) militants attacked Soukoule, coded to Mora (Mora, Mayo-Sava, Extreme-Nord). 1 civilian was killed and 3 motorbikes were taken away.",Boko Haram - Jamaatu Ahli is-Sunnah lid-Dawati wal-Jihad,Local/Community,No,High,Yes (1),Yes,[auto-generated]
CAO3287,llama3.2:3b,V,S,0.85,"On 18 May 2020, Boko Haram attacked the village of Tolkomari, Kolofata subdivision (Mayo-Sava, Extreme-Nord). No fatality and/or casualty reported.",Islamic State West Africa Province (ISWAP) - Lake Chad Faction and/or Boko Haram - Jamaatu Ahli is-Sunnah lid-Dawati wal-Jihad,Independent-National,No,Medium,Yes (unspecified),No,[auto-generated]
CAO14510,llama3.2:3b,V,S,0.85,"On 20 August 2024, Boko Haram (JAS) (likely) militants abducted 2 farmers from their fields in Alagarno (Kolofata, Mayo-Sava, Extreme-Nord). They were later released for an unknown reason.",Boko Haram - Jamaatu Ahli is-Sunnah lid-Dawati wal-Jihad,Independent-National,No,Medium,No,Unknown,[auto-generated]
CAO7398,llama3.2:3b,V,B,0.92,"On 18 June 2023, Boko Haram [JAS] militants attacked Gazla, coded to Mora (Mora, Mayo-Sava, Extreme-Nord). 2 were killed and 1 was wounded. The militants looted houses and stole food items.",Boko Haram - Jamaatu Ahli is-Sunnah lid-Dawati wal-Jihad,Social-Media,No,High,Yes (2),Yes,[auto-generated]
CAO9055,mistral:7b,V,B,0.98,"On 4 September 2022, military forces shot and killed a man in Besali (Wabane, Lebialem, Sud-Ouest) after he was mistaken for a separatist fighter following an exchange of fire between soldiers and Ambazonia Liberation Army fighters.",Military Forces of Cameroon (1982-),Local/Community,No,High,Yes (1),No,[auto-generated]
CAO13672,mistral:7b,V,B,0.98,"On 15 April 2024, Ambazonian Separatists from the ADF abducted 4 men and 2 women at a checkpoint in Mambanda (Kumba 2, Meme, Sud-Ouest). The militants also looted 3 motorbikes. The reason for the abduction is not known.",Ambazonian Separatists (Cameroon),Local/Community,No,Medium,No,Unknown,[auto-generated]
CAO3188,mistral:7b,V,B,0.98,"On 16 April 2020, military forces killed three former Ambazonian separatists in Balikumbat town (Ngo-ketunjia, Nord-Ouest).",Military Forces of Cameroon (1982-),Independent-National,No,High,Yes (3),No,[auto-generated]
CAO12441,mistral:7b,V,B,0.98,"Around 28 July 2023 (as reported), state security forces shot and killed two Ambazonian Separatists in Kumbo commune, coded to Kumbo (Bui, Nord-Ouest) whom they had captured on 28 July (coded separately).",Military Forces of Cameroon (1982-),Local/Community,No,High,Yes (2),No,[auto-generated]
CAO14603,mistral:7b,V,B,0.98,"On 30 June 2024, Ambazonian Separatists beat and injured a commercial motorbike driver and abducted 4 suspected government officials in Bambui (Tubah, Mezam, Nord-Ouest). The Separatists looted the motorbike from the commercial motorbike driver and used it to transport the abducted. The motorbike was later found abandoned and recovered by the military forces.",Ambazonian Separatists (Cameroon),State-affiliated,No,Medium,No,Yes,[auto-generated]
CAO7298,mistral:7b,V,S,0.8200000000000001,"On 15 May 2023, ISWAP or Boko Haram militants abducted 2 herders in Zigague (Waza, Logone-et-Chari, Extreme-Nord) and stole a head of oxen. The herders and the oxen were freed when the militants spotted the security forces who had been following them.",Islamic State West Africa Province (ISWAP) and/or Boko Haram - Jamaatu Ahli is-Sunnah lid-Dawati wal-Jihad,Local/Community,No,Medium,No,Yes,[auto-generated]
CAO4930,mistral:7b,V,B,0.98,"On 21 November 2020, Ambazonian separatists kidnapped a retired military officer from his home in Mankon town, Bamenda 2 subdivision (Bamenda - Mankon, Mezam, Nord-Ouest).",Ambazonian Separatists (Cameroon),Local/Community,No,Medium,No,Unknown,[auto-generated]
CAO3758,mistral:7b,V,B,0.8999999999999999,"Around 11 October 2020 (as reported), Ambazonian separatists kidnapped 3 Mbororo ethnic men in Ngarbuh village, near Nkambe (Donga-Mantung, Nord-Ouest). They are suspected to be involved in the killing of a separatist fighter on October 10.",Ambazonian Separatists (Cameroon),State-affiliated,No,High,No,Yes,[auto-generated]
CAO12120,mistral:7b,V,B,0.98,"On 13 August 2023, state security forces, coded as military forces, shot and killed a suspected Ambazonian Separatist in Nkundu quarter in Njenka (Balikumbat, Ngo-Ketunjia, Nord-Ouest) and left his body by the road. He had been arrested earlier from his private residence after a tip-off.",Military Forces of Cameroon (1982-),Local/Community,No,High,Yes (1),Yes,[auto-generated]
CAO4521,mistral:7b,V,B,0.98,"On 3 April 2021, Boko Haram fighters nightly attacked Goudjimdele village, Mora subdivision (Mayo-Sava, Extreme-Nord), killing 2 people.",Islamic State West Africa Province (ISWAP) - Lake Chad Faction and/or Boko Haram - Jamaatu Ahli is-Sunnah lid-Dawati wal-Jihad,Independent-National,No,High,Yes (2),Unknown,[auto-generated]
CAO11684,mistral:7b,V,B,0.98,"On 26 June 2023, Ambazonian Separatists from the Restoration Forces shot and killed two members of the state security forces (coded as military) in Konye (Meme, Sud-Ouest). The soldiers had been previously abducted by the Separatists on 25 June 2023 (coded separately).",Ambazonian Separatists (Cameroon),Local/Community,No,High,Yes (2),No,[auto-generated]
CAO12441,gemma3:4b,V,B,0.92,"Around 28 July 2023 (as reported), state security forces shot and killed two Ambazonian Separatists in Kumbo commune, coded to Kumbo (Bui, Nord-Ouest) whom they had captured on 28 July (coded separately).",Military Forces of Cameroon (1982-),Local/Community,No,High,Yes (2),No,[auto-generated]
CAO7298,gemma3:4b,V,B,0.8800000000000001,"On 15 May 2023, ISWAP or Boko Haram militants abducted 2 herders in Zigague (Waza, Logone-et-Chari, Extreme-Nord) and stole a head of oxen. The herders and the oxen were freed when the militants spotted the security forces who had been following them.",Islamic State West Africa Province (ISWAP) and/or Boko Haram - Jamaatu Ahli is-Sunnah lid-Dawati wal-Jihad,Local/Community,No,Medium,No,Yes,[auto-generated]
CAO11684,gemma3:4b,V,B,0.92,"On 26 June 2023, Ambazonian Separatists from the Restoration Forces shot and killed two members of the state security forces (coded as military) in Konye (Meme, Sud-Ouest). The soldiers had been previously abducted by the Separatists on 25 June 2023 (coded separately).",Ambazonian Separatists (Cameroon),Local/Community,No,High,Yes (2),No,[auto-generated]
CAO12441,olmo2:7b,V,B,0.93,"Around 28 July 2023 (as reported), state security forces shot and killed two Ambazonian Separatists in Kumbo commune, coded to Kumbo (Bui, Nord-Ouest) whom they had captured on 28 July (coded separately).",Military Forces of Cameroon (1982-),Local/Community,No,High,Yes (2),No,[auto-generated]
CAO4930,olmo2:7b,V,B,0.8800000000000001,"On 21 November 2020, Ambazonian separatists kidnapped a retired military officer from his home in Mankon town, Bamenda 2 subdivision (Bamenda - Mankon, Mezam, Nord-Ouest).",Ambazonian Separatists (Cameroon),Local/Community,No,Medium,No,Unknown,[auto-generated]
CAO3758,olmo2:7b,V,B,0.8800000000000001,"Around 11 October 2020 (as reported), Ambazonian separatists kidnapped 3 Mbororo ethnic men in Ngarbuh village, near Nkambe (Donga-Mantung, Nord-Ouest). They are suspected to be involved in the killing of a separatist fighter on October 10.",Ambazonian Separatists (Cameroon),State-affiliated,No,High,No,Yes,[auto-generated]
CAO4585,olmo2:7b,V,B,0.8800000000000001,"On 26 April 2021, suspected Boko Haram fighters attacked Takoudele village, Kourgui town, Mora subdivision (Mayo-Sava, Extreme-Nord). They kidnapped a young girl, and took away goods. No fatality and/or casualty reported.",Islamic State West Africa Province (ISWAP) - Lake Chad Faction and/or Boko Haram - Jamaatu Ahli is-Sunnah lid-Dawati wal-Jihad,Local/Community,No,Medium,Yes (unspecified),Mixed,[auto-generated]
CAO3624,olmo2:7b,V,B,0.93,"Around 30 August 2020 (as reported), Boko Haram attacked Makoulahe village, in Mora subdivision (Mayo-Sava, Extreme-Nord). They looted houses and injured 2 women.",Islamic State West Africa Province (ISWAP) - Lake Chad Faction and/or Boko Haram - Jamaatu Ahli is-Sunnah lid-Dawati wal-Jihad,Independent-National,No,Medium,No,No,[auto-generated]
CAO16029,olmo2:7b,V,B,0.8800000000000001,"On 22 October 2024, Ambazonian Separatists abducted a male civilian from his private residences in Bamenda - Nkwen (Bamenda 3, Mezam, Nord-Ouest) for an unknown reason.",Ambazonian Separatists (Cameroon),Local/Community,No,Medium,No,Unknown,[auto-generated]
CAO4521,olmo2:7b,V,B,0.93,"On 3 April 2021, Boko Haram fighters nightly attacked Goudjimdele village, Mora subdivision (Mayo-Sava, Extreme-Nord), killing 2 people.",Islamic State West Africa Province (ISWAP) - Lake Chad Faction and/or Boko Haram - Jamaatu Ahli is-Sunnah lid-Dawati wal-Jihad,Independent-National,No,High,Yes (2),Unknown,[auto-generated]
CAO8337,olmo2:7b,V,B,0.8800000000000001,"Around 30 December 2023 (as reported), Boko Haram (JAS) (likely) militants attacked Soukoule, coded to Mora (Mora, Mayo-Sava, Extreme-Nord). 1 civilian was killed and 3 motorbikes were taken away.",Boko Haram - Jamaatu Ahli is-Sunnah lid-Dawati wal-Jihad,Local/Community,No,High,Yes (1),Yes,[auto-generated]
CAO8729,olmo2:7b,V,B,0.8800000000000001,"On 10 February 2024, Ambazonian Separatists from the Fako Mountain Lions faction fired several shots as a warning to enforce the Separatist-imposed lockdown in Bokova (Buea, Fako, Sud-Ouest) against the Youth Day celebration. There were no fatalities.",Ambazonian Separatists (Cameroon),Local/Community,No,Medium,Yes (unspecified),Unknown,[auto-generated]
CAO3287,olmo2:7b,V,B,0.8800000000000001,"On 18 May 2020, Boko Haram attacked the village of Tolkomari, Kolofata subdivision (Mayo-Sava, Extreme-Nord). No fatality and/or casualty reported.",Islamic State West Africa Province (ISWAP) - Lake Chad Faction and/or Boko Haram - Jamaatu Ahli is-Sunnah lid-Dawati wal-Jihad,Independent-National,No,Medium,Yes (unspecified),No,[auto-generated]
CAO2836,olmo2:7b,V,B,0.93,"On 13 January 2020, the military forces attacked Kumbo town, in Jakiri subdivision (Bui, Nord-Ouest). They reportedly killed one person, and burnt over 8 houses in several areas of the town.",Military Forces of Cameroon (1982-),Independent-National,No,High,Yes (1),No,[auto-generated]
CAO11684,olmo2:7b,V,B,0.93,"On 26 June 2023, Ambazonian Separatists from the Restoration Forces shot and killed two members of the state security forces (coded as military) in Konye (Meme, Sud-Ouest). The soldiers had been previously abducted by the Separatists on 25 June 2023 (coded separately).",Ambazonian Separatists (Cameroon),Local/Community,No,High,Yes (2),No,[auto-generated]
CAO7398,olmo2:7b,V,B,0.93,"On 18 June 2023, Boko Haram [JAS] militants attacked Gazla, coded to Mora (Mora, Mayo-Sava, Extreme-Nord). 2 were killed and 1 was wounded. The militants looted houses and stole food items.",Boko Haram - Jamaatu Ahli is-Sunnah lid-Dawati wal-Jihad,Social-Media,No,High,Yes (2),Yes,[auto-generated]
CAO13677,olmo2:7b,V,B,0.85,"On 16 April 2024, Ambazonian Separatists from the SOCADEF abducted 3 village elders and a traditional ruler from their private residences in Weme (Konye, Meme, Sud-Ouest). The Separatists accused the elders of installing a new traditional council in the village without notifying the Separatists.",Ambazonian Separatists (Cameroon),Local/Community,No,Medium,No,Unknown,[auto-generated]
